filename,width,height,class,xmin,ymin,xmax,ymax
Somali_42_jpg.rf.d3c1e078ba832616cd664312a68eef19.jpg,640,640,Somali,5,1,617,516
Siamese_189_jpg.rf.0c26ce3045fd43db77527d34dd32cb73.jpg,640,640,Siamese,21,77,506,640
Sphynx_190_jpg.rf.b7ef8ec6484ab33d1b635e3e57f21697.jpg,640,640,Sphynx,159,42,510,424
Sphynx_33_jpg.rf.bdbb19ae8e1bb32dd554fc3d658b890f.jpg,640,640,Sphynx,16,65,562,572
Somali_64_jpg.rf.8c08213b5ec7c964a2c92ddcb29ab2b7.jpg,640,640,Somali,0,55,640,640
Birman_165_jpg.rf.5d2a6c399a184be5a4225de171a32088.jpg,640,640,Birman,90,0,639,593
Somali_69_jpg.rf.aaa8f002c406047b08f25ef26911dd79.jpg,640,640,Somali,8,242,320,546
Somali_69_jpg.rf.aaa8f002c406047b08f25ef26911dd79.jpg,640,640,Somali,288,127,640,501
Toyger_16_jpg.rf.6633b7e2c1f80c5057f9163895accc88.jpg,640,640,Toyger,38,49,587,634
Siamese_96_jpg.rf.8c57d5c25ed4a9f8c6e3561c1150b59a.jpg,640,640,Siamese,30,9,504,596
Toyger_58_jpg.rf.eb6053b6e849ac5c5a0bdce44d48f254.jpg,640,640,Toyger,78,0,639,541
Bengal_104_jpg.rf.30d9fab2b4779630e7ba0e5ff3e70e10.jpg,640,640,Bengal,101,0,639,564
Birman_133_jpg.rf.99273f8f9ae5eba0d95684213e4b4cff.jpg,640,640,Birman,178,244,639,555
Oriental_80_jpg.rf.a2e407bf0f1591c6bf9cdd6b9d76e70b.jpg,640,640,Oriental,87,19,588,623
Toyger_6_jpg.rf.3f50e0c830a754c59182798016a7a733.jpg,640,640,Toyger,0,16,633,612
Sphynx_264_jpg.rf.9ac49a7abad9ccaa371438503a22c2ce.jpg,640,640,Sphynx,59,130,625,464
Abyssinian_60_jpg.rf.90fa34592b3a3518ab1b16f4a22adc48.jpg,640,640,Abyssinian,199,0,489,488
Abyssinian_55_jpg.rf.43387a06505eb97377731a02a9454299.jpg,640,640,Abyssinian,20,41,546,538
Birman_129_jpg.rf.0709e7259016bfeffb1a36c06db7a925.jpg,640,640,Birman,142,129,409,640
Toyger_57_jpg.rf.98f5c21bac686d6ce19f5ec7fcfdd672.jpg,640,640,Toyger,0,0,555,639
Sphynx_277_jpg.rf.2f3dc1c37cf7ee590bd2f246b6776f3f.jpg,640,640,Sphynx,420,389,562,512
Siamese_94_jpg.rf.05426eaa5ab97858ccf4dba2c8cab88c.jpg,640,640,Siamese,172,22,574,640
Abyssinian_224_jpg.rf.60eab5ce7f322289d615fe68dba11c40.jpg,640,640,Abyssinian,85,25,608,640
Siamese_155_jpg.rf.329e72a3f4fc64807c390dabc654bc00.jpg,640,640,Siamese,142,0,639,638
Abyssinian_140_jpg.rf.353d6a48ad5be8f75d0e65201bf81d7e.jpg,640,640,Abyssinian,0,149,431,638
Toyger_67_jpg.rf.493725f5bfa18e09bca1d3eb478b9433.jpg,640,640,Toyger,0,34,639,639
Birman_111_jpg.rf.596c6ba11b4985aa1a4792ad63b99ea7.jpg,640,640,Birman,38,25,554,638
Oriental_41_jpg.rf.7783e7dffbf482c5acd2dbc3874f3f9f.jpg,640,640,Sphynx,86,266,462,639
Oriental_41_jpg.rf.7783e7dffbf482c5acd2dbc3874f3f9f.jpg,640,640,Oriental,67,54,363,533
Siamese_76_jpg.rf.aaf2b959078cbb339d9c1ba418d82bea.jpg,640,640,Siamese,29,7,619,621
Abyssinian_97_jpg.rf.a0caaba18945a25381d85f86921487ec.jpg,640,640,Abyssinian,71,21,512,334
Bengal_15_jpg.rf.c45f0a643eb4ed8c14e3a9deeaebea4e.jpg,640,640,Bengal,115,0,543,543
Toyger_41_jpg.rf.c6c9e0fa04b9347fed1d9211a3205658.jpg,640,640,Toyger,143,56,450,605
Birman_83_jpg.rf.8ca895f7c73635136ca106b179e18770.jpg,640,640,Birman,5,0,591,640
Bengal_207_jpg.rf.14a0c477a32be4854dfede7c296b5fce.jpg,640,640,Bengal,145,308,506,633
Somali_36_jpg.rf.62ea9bd355a0ad5f45bafbb99708ac86.jpg,640,640,Somali,488,108,571,300
Siamese_156_jpg.rf.b44d0641dd8be6bc9a96e1afb91f5b39.jpg,640,640,Siamese,146,45,605,567
Bengal_4_jpg.rf.b5fada88ec9dbfb25bb0f0708c2cdba0.jpg,640,640,Bengal,94,29,547,579
Oriental_79_jpg.rf.1640a0e56290a64fbb9230e5f15366aa.jpg,640,640,Oriental,128,105,569,485
Somali_40_jpg.rf.1abecff4fea8f8f357cae1aa51b6bc30.jpg,640,640,Somali,259,133,640,640
Bengal_32_jpg.rf.5b3f488181953009d64bdd0bc1886e5c.jpg,640,640,Bengal,97,15,502,634
Oriental_16_jpg.rf.f84f6c9d6580678e833451c6cd43a41f.jpg,640,640,Oriental,320,79,589,536
Oriental_16_jpg.rf.f84f6c9d6580678e833451c6cd43a41f.jpg,640,640,Oriental,102,258,315,536
Siamese_91_jpg.rf.3411c8ccb22181abff9656f3818d1763.jpg,640,640,Siamese,0,70,575,634
Birman_39_jpg.rf.e089ee21421b5f2c6c3d8856a8b67478.jpg,640,640,Birman,23,207,639,638
Oriental_25_jpg.rf.080f7a6247c516c0f62924114b387751.jpg,640,640,Oriental,0,58,352,639
Sphynx_85_jpg.rf.173be25c06c7983f0f4dae987cab2d74.jpg,640,640,Sphynx,51,209,622,504
Sphynx_263_jpg.rf.85640ab5ad226bb87018570715d6b8a9.jpg,640,640,Sphynx,215,435,369,524
Sphynx_263_jpg.rf.85640ab5ad226bb87018570715d6b8a9.jpg,640,640,Sphynx,169,503,350,621
Bengal_37_jpg.rf.0476a6f24afffa5bb87f8ebb3de00cd8.jpg,640,640,Bengal,61,235,491,509
Oriental_36_jpg.rf.11e03cb3ad1967760cee4eb0b9ad9b8a.jpg,640,640,Oriental,119,294,639,640
Oriental_36_jpg.rf.11e03cb3ad1967760cee4eb0b9ad9b8a.jpg,640,640,Sphynx,0,325,378,490
Somali_47_jpg.rf.b9a835e59b5d0e551a9bde091e6254b2.jpg,640,640,Somali,122,84,640,640
Somali_65_jpg.rf.3ba57b1772588d02e19f5a0026fa6766.jpg,640,640,Somali,88,278,432,511
Sphynx_45_jpg.rf.2f60e389b4feaed949a28338c31c10e8.jpg,640,640,Sphynx,121,216,483,541
Somali_58_jpg.rf.14520ffa0b75d1cd031461186a065cba.jpg,640,640,Somali,172,24,439,450
Toyger_12_jpg.rf.623534a08fbfaee2b89459c24b35196d.jpg,640,640,Toyger,0,182,461,639
Toyger_12_jpg.rf.623534a08fbfaee2b89459c24b35196d.jpg,640,640,Toyger,242,32,639,455
Sphynx_148_jpg.rf.9e625d965ae40f896079f2d6002303e1.jpg,640,640,Sphynx,155,0,639,638
Sphynx_266_jpg.rf.1a707d43508418681204ba169c19ad3a.jpg,640,640,Sphynx,263,200,639,410
Sphynx_266_jpg.rf.1a707d43508418681204ba169c19ad3a.jpg,640,640,Sphynx,0,67,485,420
Bengal_000000_jpg.rf.3f1ed8b48f424dbaa76f081689132565.jpg,640,640,Bengal,167,207,491,440
Birman_169_jpg.rf.9855a4412337f0585d97f2ca2ecdef70.jpg,640,640,Birman,37,63,604,482
Siamese_204_jpg.rf.391a039c14eb57c977d848d79e513e29.jpg,640,640,Siamese,0,90,516,609
Toyger_68_jpg.rf.ab1b76be3bbccbb5aa46bf256129fe04.jpg,640,640,Toyger,111,67,603,639
Birman_98_jpg.rf.ca16e4938361f7a100b31a2b104135d7.jpg,640,640,Birman,0,3,628,637
Siamese_66_jpg.rf.d76cdc6884204975d4738d36dab71ae2.jpg,640,640,Siamese,264,154,640,640
Siamese_150_jpg.rf.932044422c0c2fd466175b04cbde02e3.jpg,640,640,Siamese,372,0,633,640
Abyssinian_183_jpg.rf.068da0a9ee78b6fd239e8a0665778a3e.jpg,640,640,Abyssinian,181,113,638,638
Toyger_75_jpg.rf.4fcde582d1925d2e72484d05dfdb91c0.jpg,640,640,Toyger,0,118,639,610
Bengal_31_jpg.rf.a28196915e92bf58a1b5f5a610b5b656.jpg,640,640,Bengal,0,21,467,638
Siamese_77_jpg.rf.b783161314e21bff7e334b3e8acdd2bf.jpg,640,640,Siamese,10,13,531,620
Abyssinian_43_jpg.rf.c4905e3ef9c34c41d6cd807ef40b17f7.jpg,640,640,Abyssinian,190,147,604,473
Sphynx_257_jpg.rf.3d9ebe9ccacd0474055586a927068eef.jpg,640,640,Sphynx,27,179,503,409
Abyssinian_129_jpg.rf.72eeaa4f4efd4a4a295dbaea45638aab.jpg,640,640,Abyssinian,0,94,504,478
Somali_24_jpg.rf.5c439a77658a56fc90426aa7eccef29a.jpg,640,640,Somali,48,24,639,604
Abyssinian_36_jpg.rf.f6c85064817bbb8657ef1dd3df12f55d.jpg,640,640,Abyssinian,210,32,438,640
Birman_146_jpg.rf.65443daeced000d31579a1314f16bd53.jpg,640,640,Birman,216,12,521,640
Bengal_44_jpg.rf.117b77467903bd5248ce4f6a2e3712f3.jpg,640,640,Bengal,160,158,432,421
Abyssinian_77_jpg.rf.5e1d496d51b5446d7417bbba34578ada.jpg,640,640,Abyssinian,120,69,541,640
Somali_5_jpg.rf.a2b98a93e8bf554a559c32abc4419d4f.jpg,640,640,Somali,0,0,625,639
Somali_39_jpg.rf.40d528b13a7ad4d009c7eacc0f19c9cf.jpg,640,640,Somali,111,2,506,639
Bengal_202_jpg.rf.604abc9b4aeb3a3abb3c2db423b227ce.jpg,640,640,Bengal,198,87,636,539
Bengal_202_jpg.rf.604abc9b4aeb3a3abb3c2db423b227ce.jpg,640,640,Abyssinian,12,78,392,559
Sphynx_281_jpg.rf.b6bdc27eb24af087dc64dd0402bbd8d2.jpg,640,640,Sphynx,406,96,640,640
Bengal_208_jpg.rf.bfa212fcd61e5850728d6f7a01e17280.jpg,640,640,Bengal,152,0,619,526
Abyssinian_161_jpg.rf.ecbc7d04bb84c8a136e4bd28dab497fc.jpg,640,640,Abyssinian,75,0,491,600
Somali_71_jpg.rf.f05cdbf43190c19e1a5dcf2ad6562f52.jpg,640,640,Somali,71,41,495,610
Toyger_50_jpg.rf.4f21943daf9a116c8b8874b398920b8a.jpg,640,640,Toyger,80,0,611,640
Abyssinian_89_jpg.rf.697e4e15cb10653ed39e85251b706aad.jpg,640,640,Abyssinian,0,0,614,462
Birman_171_jpg.rf.b904cd152a925c03c2e886a15dab212a.jpg,640,640,Birman,51,30,542,597
Sphynx_164_jpg.rf.b95dbdfb0f048a6c30a9711bc5746112.jpg,640,640,Sphynx,0,58,587,619
Toyger_2_jpg.rf.ce40173108b9c9dfe93cc4e2d14d4358.jpg,640,640,Toyger,0,40,500,639
Abyssinian_4_jpg.rf.e268f8de668e0884cdca68106b3ed73d.jpg,640,640,Abyssinian,32,101,640,525
Bengal_7_jpg.rf.f2a0b122e4bcfce725da15e1e7f26cf3.jpg,640,640,Bengal,37,7,632,632
Sphynx_104_jpg.rf.f84c303b88be426026bd07199ed1bd45.jpg,640,640,Sphynx,195,161,388,593
Birman_99_jpg.rf.bf3e4d39f6d798a0a3c2badd95bc04de.jpg,640,640,Birman,11,17,628,627
Siamese_79_jpg.rf.39276dd3b494464d8ac3f655040a850b.jpg,640,640,Siamese,13,13,597,615
Sphynx_273_jpg.rf.249d81dc0bbf2bc21203a8227972169c.jpg,640,640,Sphynx,92,39,485,628
Birman_9_jpg.rf.21b4f567e103a1e7b0ea4b45b40f094f.jpg,640,640,Birman,212,35,434,489
Somali_35_jpg.rf.a3e3df46a3a77cc863a014a02479f240.jpg,640,640,Somali,0,168,609,543
Abyssinian_75_jpg.rf.f87fac423ac73ec4b0f5af0f21b23543.jpg,640,640,Abyssinian,102,161,558,640
Birman_57_jpg.rf.0a726817b6e462446ae7391558663d39.jpg,640,640,Birman,106,0,639,637
Sphynx_260_jpg.rf.77bb9cf6e988ca4558bf86de73434af1.jpg,640,640,Sphynx,165,402,475,594
Bengal_199_jpg.rf.7f05d78131ddd8f3c028ece5280aa6a3.jpg,640,640,Bengal,0,20,517,514
Bengal_26_jpg.rf.a214e3ea58f1333080b81e4e90582618.jpg,640,640,Bengal,26,222,640,481
Birman_119_jpg.rf.a4a3d0cfc39cebeb2e5f5722ac40b796.jpg,640,640,Birman,149,113,639,638
Siamese_25_jpg.rf.c6d11ae9a8e7eb4cbfc3268bfcaabc3a.jpg,640,640,Siamese,0,74,640,599
Sphynx_47_jpg.rf.7bb84fe5f166e1d80d7fdf58a1df322a.jpg,640,640,Sphynx,0,124,638,639
Abyssinian_114_jpg.rf.32ff3dcdf2f94802aa51e0b3dfc95a0b.jpg,640,640,Abyssinian,187,11,422,638
Siamese_194_jpg.rf.b97c330b9c80afdec40b0c09fb3f0a8a.jpg,640,640,Siamese,31,116,525,583
Abyssinian_207_jpg.rf.027fb731ac01796015ff7acffba55283.jpg,640,640,Abyssinian,0,77,453,538
Abyssinian_207_jpg.rf.027fb731ac01796015ff7acffba55283.jpg,640,640,Bengal,148,126,639,615
Oriental_33_jpg.rf.b7ac8dd61d8fdbcb2d33582bc4624f56.jpg,640,640,Oriental,14,73,639,576
Sphynx_169_jpg.rf.ba00f57d95ddd8911475ea5a833ffe17.jpg,640,640,Sphynx,109,63,577,638
Oriental_45_jpg.rf.42299a89e4ea2a1dfbd647617dd13182.jpg,640,640,Oriental,43,0,535,499
Bengal_75_jpg.rf.4c714b86e2fd01b4404851f28a4dafa2.jpg,640,640,Bengal,181,115,629,624
Abyssinian_213_jpg.rf.d2d95cf8b5c86c35073a57085d01a378.jpg,640,640,Abyssinian,73,12,525,590
Abyssinian_37_jpg.rf.cf88b117b6caaeecd6f93e902331ec7d.jpg,640,640,Abyssinian,205,149,640,509
Toyger_86_jpg.rf.cff3f77353540c9c4e5ffae75f3a8747.jpg,640,640,Toyger,80,108,617,640
Siamese_131_jpg.rf.d5cc95ee92dfbed7098eb3d24c30f3e7.jpg,640,640,Siamese,0,9,500,640
Abyssinian_27_jpg.rf.2333580d3d7bb0d0348dccf13a1de513.jpg,640,640,Abyssinian,0,7,622,638
Abyssinian_29_jpg.rf.b1e810652912d68ad13c2047e2c534b8.jpg,640,640,Abyssinian,139,57,603,471
Siamese_43_jpg.rf.5ee747beca0a0f3a821ace2c4d473509.jpg,640,640,Siamese,182,36,590,640
Birman_34_jpg.rf.ab551af83c2518ceb46481f716b9f9ae.jpg,640,640,Birman,145,81,637,638
Oriental_7_jpg.rf.e39cc81d5f96dddb3f40fdbdcd26fe98.jpg,640,640,Oriental,0,43,640,640
Birman_88_jpg.rf.761e75772f14c2d988df0f9d4287b07d.jpg,640,640,Birman,24,0,639,630
Siamese_88_jpg.rf.82134ef15984a3304eaaf2ebe7d2d6cb.jpg,640,640,Siamese,124,64,640,640
Sphynx_156_jpg.rf.c5d223d5be211bd1cf48c74ae8f5d06e.jpg,640,640,Sphynx,0,89,636,637
Birman_195_jpg.rf.030674abc0de4058a863f4cf9f215ab5.jpg,640,640,Birman,119,135,235,290
Abyssinian_84_jpg.rf.167e197366908fd02f35f0df9baed3c4.jpg,640,640,Abyssinian,89,47,602,638
Somali_21_jpg.rf.a07dc4c4608e62e2c4fbfc6368dc5bb8.jpg,640,640,Somali,0,285,514,517
Somali_19_jpg.rf.f6d5af16c29b39f8c793a2af1ece0b6d.jpg,640,640,Somali,201,169,640,548
Birman_2_jpg.rf.1c95a1c7f06edb022f539d3e9e3aa875.jpg,640,640,Birman,14,54,623,638
Sphynx_87_jpg.rf.762846a7525120fcc1196a2b0a86021b.jpg,640,640,Sphynx,58,0,494,639
Toyger_29_jpg.rf.c61c4b1d4f45b618a08b59094d8fd932.jpg,640,640,Toyger,103,25,639,640
Siamese_179_jpg.rf.18972931477458568a70405ee5478417.jpg,640,640,Siamese,149,72,446,605
Oriental_60_jpg.rf.7b0360e28a9b0154021f12a6e848c59b.jpg,640,640,Oriental,0,267,640,547
Toyger_42_jpg.rf.fce54fff7bea40079d16368ee8355dc2.jpg,640,640,Toyger,114,116,380,609
Sphynx_272_jpg.rf.1d548c21c97df3bc434e110be82d19f1.jpg,640,640,Sphynx,57,29,524,595
Birman_75_jpg.rf.c2685cb7362ad8aecb61a82ccbfac999.jpg,640,640,Birman,95,2,639,617
Oriental_48_jpg.rf.75d94604fd9e18e5e89a09f512b364f0.jpg,640,640,Oriental,20,195,640,476
Toyger_65_jpg.rf.f459dc80e037d21edf883ce8c14c83c9.jpg,640,640,Toyger,93,130,516,441
Sphynx_27_jpg.rf.23ae717b0b1e07e304540f7256f796b6.jpg,640,640,Sphynx,45,21,640,640
Siamese_205_jpg.rf.418a6979d3bcbceff72d94927f274fdd.jpg,640,640,Siamese,155,0,639,638
Bengal_16_jpg.rf.65dcb826c7041d5dd042a7da4b30a3ea.jpg,640,640,Bengal,124,12,639,638
Toyger_25_jpg.rf.8a73186fa82226444043caa721854b72.jpg,640,640,Toyger,89,5,372,300
Bengal_141_jpg.rf.160e06b1bd771ce66ab8b80a5f8092b2.jpg,640,640,Bengal,21,144,609,540
Oriental_58_jpg.rf.16b3af381b90f177ea9661502b8a13a0.jpg,640,640,Oriental,126,115,639,228
Oriental_58_jpg.rf.16b3af381b90f177ea9661502b8a13a0.jpg,640,640,Oriental,15,176,635,521
Toyger_30_jpg.rf.7542aba20aa5e9d454240378f507fbdc.jpg,640,640,Toyger,201,0,589,358
Toyger_30_jpg.rf.7542aba20aa5e9d454240378f507fbdc.jpg,640,640,Toyger,0,245,581,639
Toyger_30_jpg.rf.7542aba20aa5e9d454240378f507fbdc.jpg,640,640,Toyger,0,8,345,538
Abyssinian_76_jpg.rf.e269ed131cc112fa6427251eece49f39.jpg,640,640,Abyssinian,220,211,557,445
Toyger_43_jpg.rf.507a9275115b5aa44d8bba339b0d2660.jpg,640,640,Toyger,80,161,639,639
Oriental_55_jpg.rf.676020d5c42573f15a28bea5b907864a.jpg,640,640,Oriental,152,37,336,477
Somali_3_jpg.rf.6d20abc1e3c34123e633a786035f1190.jpg,640,640,Somali,161,16,510,470
Oriental_18_jpg.rf.06287f8634f3ab9b2f5935e1d70dfb1c.jpg,640,640,Oriental,35,0,538,476
Oriental_18_jpg.rf.06287f8634f3ab9b2f5935e1d70dfb1c.jpg,640,640,Oriental,26,220,639,639
Birman_156_jpg.rf.0ec885ac6d09f559d846e8d2a2cef41e.jpg,640,640,Birman,255,42,551,637
Bengal_193_jpg.rf.63c3543c715163217fffc5bf6fa692e7.jpg,640,640,Bengal,90,89,530,566
Abyssinian_80_jpg.rf.756c5dedf51952e3f5d461f1d99b54a0.jpg,640,640,Abyssinian,222,0,640,549
Oriental_78_jpg.rf.a7f5a1e98e7305ba347bacd7149b6ce0.jpg,640,640,Oriental,139,122,640,640
Oriental_23_jpg.rf.0b5d600eac1e9fa6c40776514776ce3b.jpg,640,640,Sphynx,406,176,639,491
Oriental_23_jpg.rf.0b5d600eac1e9fa6c40776514776ce3b.jpg,640,640,Oriental,275,65,508,583
Oriental_23_jpg.rf.0b5d600eac1e9fa6c40776514776ce3b.jpg,640,640,Bengal,0,72,230,393
Birman_14_jpg.rf.34c64b1bd7607bd7fb9591c715990081.jpg,640,640,Birman,0,92,579,528
Somali_38_jpg.rf.9f0e9bddb44bddd9b7beb94afd0ccb38.jpg,640,640,Somali,88,65,481,560
Bengal_49_jpg.rf.b92384aabae5b85d3a2d2392739234a4.jpg,640,640,Bengal,247,124,469,575
Birman_17_jpg.rf.d78d09013c0ec323e38af2afe2a2560c.jpg,640,640,Birman,2,8,614,640
Birman_105_jpg.rf.ea11e54d69f8c7aad4b311aa42cd291c.jpg,640,640,Birman,131,68,536,638
Siamese_236_jpg.rf.103e8b49e2ebf56e0d09459bf7376f43.jpg,640,640,Siamese,209,34,592,580
Siamese_140_jpg.rf.2539513f4555c408e6793787b60a1d45.jpg,640,640,Siamese,35,53,640,613
Birman_79_jpg.rf.d7cf82153a987e6d4b548149e60acede.jpg,640,640,Birman,0,43,434,640
Birman_92_jpg.rf.2d1d240c0b882fc865d6c4ffaa122923.jpg,640,640,Birman,142,53,639,638
Bengal_109_jpg.rf.f953f30860b981ba04588e419d223f21.jpg,640,640,Bengal,35,12,525,615
Toyger_81_jpg.rf.988d33f19222f907e1222c7b9a7d5890.jpg,640,640,Toyger,211,258,289,489
Abyssinian_116_jpg.rf.4dc750eb56946f6530a809f912d2eec7.jpg,640,640,Abyssinian,0,43,507,639
Birman_35_jpg.rf.d8eccf01ad6b40ea89b0a00896911372.jpg,640,640,Birman,38,0,633,636
Bengal_84_jpg.rf.18227a6637a81ab316246a96606d7a9f.jpg,640,640,Bengal,116,53,638,639
Siamese_83_jpg.rf.36eb1f4cc2ea4f0a1de3304465747c8f.jpg,640,640,Siamese,60,135,571,612
Birman_109_jpg.rf.55549a864d3d40fce1071ff1af0ba1cb.jpg,640,640,Birman,0,86,638,639
Abyssinian_51_jpg.rf.73acbb025042cbb2f668c109119fc7b3.jpg,640,640,Abyssinian,35,3,463,639
Birman_136_jpg.rf.ea9edc79889ae82d730ce2d4767c4ed0.jpg,640,640,Birman,116,40,534,603
Toyger_46_jpg.rf.f2468d5ce61b41c460b87de2102fbdd0.jpg,640,640,Toyger,17,83,639,629
Siamese_138_jpg.rf.5d11e5f6e4a29c886ceb214bdd8b4863.jpg,640,640,Siamese,211,64,500,474
Abyssinian_126_jpg.rf.6fb9bcfad36bb470bb42395401e4a275.jpg,640,640,Abyssinian,101,109,549,614
Somali_54_jpg.rf.e86f30869a3088bc259efa1a7d222132.jpg,640,640,Somali,25,26,594,620
Bengal_204_jpg.rf.f1b9fd2f024369e75ebffa34c082e599.jpg,640,640,Abyssinian,111,137,639,639
Bengal_204_jpg.rf.f1b9fd2f024369e75ebffa34c082e599.jpg,640,640,Bengal,0,33,464,485
Birman_29_jpg.rf.75add2ef67e9601e38a84cdcb1bdf3d9.jpg,640,640,Birman,0,40,564,577
Oriental_83_jpg.rf.95889ccd28bb56611cd70ca8492c02f8.jpg,640,640,Oriental,18,209,624,532
Oriental_26_jpg.rf.84a957860a921fa1a404ceaa67e46b91.jpg,640,640,Oriental,7,113,416,433
Oriental_26_jpg.rf.84a957860a921fa1a404ceaa67e46b91.jpg,640,640,Oriental,403,128,640,465
Somali_53_jpg.rf.c523cbed52c315a5552de3fc7efe685f.jpg,640,640,Somali,0,9,613,639
Oriental_73_jpg.rf.c9f2d8ec4eec7a5af65dec5baffca277.jpg,640,640,Oriental,73,80,640,591
Siamese_30_jpg.rf.37908b88bdb07a1df73853cc34d827f3.jpg,640,640,Siamese,97,73,640,640
Toyger_26_jpg.rf.8d7363ec5fd210ef05098377c140d549.jpg,640,640,Toyger,142,24,444,492
Sphynx_98_jpg.rf.b113ab08def4519d20e496cdc393a3dc.jpg,640,640,Sphynx,67,30,550,612
Bengal_200_jpg.rf.200f3c55039dfbe1aa4f9028deed9266.jpg,640,640,Bengal,279,188,567,616
Bengal_200_jpg.rf.200f3c55039dfbe1aa4f9028deed9266.jpg,640,640,Abyssinian,40,210,367,586
Somali_67_jpg.rf.560ce4fe0b20915eff2eb37ad4c11ac9.jpg,640,640,Somali,193,240,492,460
Toyger_38_jpg.rf.bcdee9cf622c9032644c5eb57a70e2a0.jpg,640,640,Toyger,209,154,431,521
Birman_185_jpg.rf.210cf61fd8b58520b1347b80e56e1e19.jpg,640,640,Birman,29,52,634,622
Abyssinian_204_jpg.rf.494c0219f11579c3f1ae7bb78fbaa47e.jpg,640,640,Abyssinian,177,75,570,639
Toyger_74_jpg.rf.051ed6786ac9e43366ea7b7aca37031d.jpg,640,640,Toyger,0,138,539,478
Abyssinian0_jpg.rf.54cc671070ee856b158f72e957dd1366.jpg,640,640,Abyssinian,157,174,553,490
Somali_43_jpg.rf.998bf49c957a33a41c7b14f1be504bf5.jpg,640,640,Somali,110,71,639,639
Birman_49_jpg.rf.a3211df9ad4f61b2392b69807475340a.jpg,640,640,Birman,1,40,639,634
Siamese_211_jpg.rf.0cf1199a079af599c62e011095bdc80b.jpg,640,640,Siamese,244,352,377,575
Sphynx_275_jpg.rf.45d861bd9aee1aaa32472f2b9218ed49.jpg,640,640,Sphynx,29,0,640,623
Siamese_74_jpg.rf.b5a64482032f5804ef21172ecc57348a.jpg,640,640,Siamese,34,68,367,505
Toyger_13_jpg.rf.d8b8a9ae4512783ccb8df514f8572ea1.jpg,640,640,Toyger,85,0,639,640
Bengal_123_jpg.rf.2bdcc3d85bffb0b4cfd8fb8483049afc.jpg,640,640,Bengal,267,214,603,557
Sphynx_174_jpg.rf.283589370e072ac2987e1347bc2e7ea7.jpg,640,640,Sphynx,0,0,639,615
Birman_159_jpg.rf.4dc6cab940183f2a48bb03ca0d801319.jpg,640,640,Birman,0,0,561,584
Oriental_46_jpg.rf.9a6e411c78acb311b63a4ce223dfd291.jpg,640,640,Oriental,158,76,489,413
Sphynx_84_jpg.rf.885a38f5240a63d665faaf54b1b647b5.jpg,640,640,Sphynx,24,13,619,606
Toyger_22_jpg.rf.5a7d533e1fc257f9514997291b4fb521.jpg,640,640,Toyger,0,78,639,618
Oriental_35_jpg.rf.69ec42281cf52d67e94323fc9e37b964.jpg,640,640,Oriental,104,72,535,632
Somali_82_jpg.rf.dc57dc41c071b6698705b68ac5acb4c4.jpg,640,640,Somali,0,131,480,639
Bengal_88_jpg.rf.dc8e5cd6b2e1aaac7147ef533987abf7.jpg,640,640,Bengal,10,48,441,486
Bengal_52_jpg.rf.d3a8bffb150a326766e14e0ff54c8a88.jpg,640,640,Bengal,80,157,503,507
Somali_55_jpg.rf.1212c4a78ce4c96a5d193212aa8eda56.jpg,640,640,Somali,53,112,639,608
Sphynx_94_jpg.rf.621e40f958d746939be6a1ebc14cfb1d.jpg,640,640,Sphynx,92,2,495,632
Sphynx_17_jpg.rf.7148c6419abab5fd70e589a91bbc7b8b.jpg,640,640,Sphynx,99,0,639,639
Sphynx_255_jpg.rf.8c8be5a1a204d0c58ff678365ed6aa6b.jpg,640,640,Sphynx,9,93,267,559
Sphynx_255_jpg.rf.8c8be5a1a204d0c58ff678365ed6aa6b.jpg,640,640,Sphynx,235,13,535,274
Oriental_53_jpg.rf.3b9d9046b8e28d1770e41c5101a78fb8.jpg,640,640,Oriental,22,157,600,531
Siamese_235_jpg.rf.019303cd93ee39d8589e6e61dc8e0474.jpg,640,640,Siamese,111,106,437,624
Bengal_196_jpg.rf.370528eeee6b44ad14e0d35f899eb8a3.jpg,640,640,Bengal,147,283,469,527
Oriental_37_jpg.rf.f27df957233a74fb714e64ae8522b9e0.jpg,640,640,Oriental,57,225,448,421
Oriental_37_jpg.rf.f27df957233a74fb714e64ae8522b9e0.jpg,640,640,Oriental,0,357,509,537
Toyger_47_jpg.rf.bb358eab1ab2cd957b2aaed06b4ffd47.jpg,640,640,Toyger,109,59,630,436
Siamese_85_jpg.rf.21bbd00cd30f6e6c15df895f95d46add.jpg,640,640,Siamese,13,23,580,620
Somali_70_jpg.rf.80f24c0623a679f696b526d62c3a225f.jpg,640,640,Somali,144,239,414,640
Abyssinian_3_jpg.rf.c9b7cf60f9dbc29b7dceff8dd4d96394.jpg,640,640,Abyssinian,137,53,488,635
Abyssinian_81_jpg.rf.e72bb89fe968efbb38425fc0a21eff76.jpg,640,640,Abyssinian,66,0,533,502
Sphynx_165_jpg.rf.17c04434ecd51ca063ec2e895eb2c08b.jpg,640,640,Sphynx,58,9,629,638
Abyssinian_17_jpg.rf.925095dd1ba0c96152f23062ccb7e455.jpg,640,640,Abyssinian,74,134,612,558
Somali_56_jpg.rf.d1d1395f04409c1d0c3709712b9e5018.jpg,640,640,Somali,0,1,639,449
Somali_2_jpg.rf.23228e506f656debc8327b591ba25dc0.jpg,640,640,Somali,0,135,314,578
Oriental_65_jpg.rf.7d3e453ead8e349b1c87d1af9772cf76.jpg,640,640,Oriental,0,13,571,628
Bengal_113_jpg.rf.9e64ad831b6b81395fa76b6b1a2dc041.jpg,640,640,Bengal,205,20,495,607
Oriental_17_jpg.rf.e27a9dd9debcfb8be79b974828d16d70.jpg,640,640,Oriental,122,334,426,470
Birman_112_jpg.rf.b26bb0f6d35da6715652bfd766a85ee8.jpg,640,640,Birman,106,16,639,638
Sphynx_12_jpg.rf.2b17ca51e4399f06a841f865da0356b1.jpg,640,640,Sphynx,0,34,400,638
Toyger_48_jpg.rf.32dae7858a14beeaefa89308c4cc61e4.jpg,640,640,Toyger,0,16,473,639
Abyssinian_47_jpg.rf.e35b11a684a5e00068cc871736100c87.jpg,640,640,Abyssinian,0,0,543,480
Oriental_63_jpg.rf.046e8b040ba60d9bb25a39f9c7708fdc.jpg,640,640,Sphynx,135,72,402,351
Oriental_63_jpg.rf.046e8b040ba60d9bb25a39f9c7708fdc.jpg,640,640,Oriental,341,99,616,364
Birman_94_jpg.rf.2600ec3e4efcf9b2f884466ce869f3ae.jpg,640,640,Birman,131,30,510,418
Siamese_57_jpg.rf.742070c7a77638d436745c076a9fad27.jpg,640,640,Siamese,188,57,384,640
Oriental_75_jpg.rf.de82231075481c6002ab73be74a50768.jpg,640,640,Oriental,0,113,450,639
Birman_46_jpg.rf.6013756f01a39ff7b4ef184bfb28e6fc.jpg,640,640,Birman,0,42,576,630
Birman_52_jpg.rf.860b7dd750386b3a743f637c4608de09.jpg,640,640,Birman,212,180,550,617
Abyssinian_105_jpg.rf.fc8c6cc259a4b8f00b6dd92c18b72bb4.jpg,640,640,Abyssinian,296,153,603,630
Bengal_203_jpg.rf.9d80eca5b4b04cc05fb09c7c5db6c579.jpg,640,640,Bengal,117,17,499,282
Bengal_203_jpg.rf.9d80eca5b4b04cc05fb09c7c5db6c579.jpg,640,640,Abyssinian,51,230,589,584
Bengal_000_jpg.rf.cc598cf861da4e5bea8c4a1d56029c4a.jpg,640,640,Bengal,289,500,449,575
Siamese_210_jpg.rf.a4791bc1a060c8d6e60ca8c1e81d3f83.jpg,640,640,Siamese,166,29,622,640
Birman_113_jpg.rf.6313fc94c9925ae839dd4458507c18d7.jpg,640,640,Birman,103,43,596,598
Oriental_66_jpg.rf.540e2ed92cce6062e72ce2189122a0a3.jpg,640,640,Oriental,107,130,560,625
Bengal_111_jpg.rf.974e7ecb0b8c4b5d13dcdd8535a057cc.jpg,640,640,Bengal,5,224,639,639
Bengal_111_jpg.rf.974e7ecb0b8c4b5d13dcdd8535a057cc.jpg,640,640,Bengal,67,20,639,332
Bengal_21_jpg.rf.0a05ab4718feb7e436e1320a13651dc8.jpg,640,640,Bengal,42,109,630,608
Oriental_49_jpg.rf.3b8993dc8e66c9e8b9dbcb42fc7bbbe6.jpg,640,640,Oriental,0,106,546,548
Somali_41_jpg.rf.8a9f6f9930b15c725df820b53036abde.jpg,640,640,Somali,102,4,614,626
Birman_10_jpg.rf.3df0e7465b75141f4c3300536c4f4ead.jpg,640,640,Birman,42,65,563,555
Siamese_212_jpg.rf.a0ab33fa751ae6f169763ce727ae3de4.jpg,640,640,Siamese,54,36,398,640
Birman_172_jpg.rf.aa19233de80c97c8d0bd1d0d4a85b4cc.jpg,640,640,Birman,231,0,640,630
Somali_80_jpg.rf.eacc9a4fbaed192c4410a6112351a567.jpg,640,640,Somali,13,11,223,426
Somali_80_jpg.rf.eacc9a4fbaed192c4410a6112351a567.jpg,640,640,Somali,126,185,386,637
Somali_80_jpg.rf.eacc9a4fbaed192c4410a6112351a567.jpg,640,640,Somali,362,5,523,407
Somali_80_jpg.rf.eacc9a4fbaed192c4410a6112351a567.jpg,640,640,Somali,265,204,441,614
Oriental_27_jpg.rf.079a1cd71e9425db1e5145fe9316974d.jpg,640,640,Oriental,321,176,640,591
Siamese_191_jpg.rf.b916ccc4bdfa703252a071dfcbf97706.jpg,640,640,Siamese,8,9,638,639
Somali_45_jpg.rf.cf8e2ec007bc41e6f7099aa3ade8d780.jpg,640,640,Somali,135,11,639,632
Somali_45_jpg.rf.cf8e2ec007bc41e6f7099aa3ade8d780.jpg,640,640,Somali,19,132,422,548
Birman_106_jpg.rf.4068944da1d8bda9e41f8dcdc4f6ddd8.jpg,640,640,Birman,104,0,484,610
Bengal_192_jpg.rf.6523cec7531164d8db660091d4ef6d76.jpg,640,640,Bengal,20,73,601,637
Abyssinian_12_jpg.rf.a9a41b969c599b399e86061089246408.jpg,640,640,Abyssinian,164,96,491,596
Toyger_55_jpg.rf.e2724532779fa36fecbded8b8f36cb2c.jpg,640,640,Toyger,64,8,561,639
Siamese_55_jpg.rf.462992a04463296ddf4afa1354aefccb.jpg,640,640,Siamese,233,99,479,640
Sphynx_258_jpg.rf.e30f4c0e00721e918dd76dc6bd93b4f8.jpg,640,640,Sphynx,216,79,619,466
Sphynx_258_jpg.rf.e30f4c0e00721e918dd76dc6bd93b4f8.jpg,640,640,Sphynx,0,63,484,583
Toyger_60_jpg.rf.e3f23ac04f5d9a482b6a9c82a52328b8.jpg,640,640,Toyger,251,6,639,634
Bengal_201_jpg.rf.2f6ac33ca77fc14d91e5a13ea2d102ce.jpg,640,640,Bengal,170,206,611,410
Bengal_86_jpg.rf.55f5aecce64fb465980beecf853c7e25.jpg,640,640,Bengal,35,10,587,590
Abyssinian_85_jpg.rf.7bde8b859d75c4a099c2a42524126fe1.jpg,640,640,Abyssinian,52,49,593,631
Oriental_44_jpg.rf.8eba43d842ae9aff61ccc05c210ad63e.jpg,640,640,Oriental,21,134,639,639
Oriental_44_jpg.rf.8eba43d842ae9aff61ccc05c210ad63e.jpg,640,640,Oriental,185,45,585,234
Oriental_24_jpg.rf.a30ac748d30a51c7cc97c7db5d3dcf06.jpg,640,640,Oriental,43,29,249,162
Oriental_24_jpg.rf.a30ac748d30a51c7cc97c7db5d3dcf06.jpg,640,640,Oriental,261,211,576,628
Oriental_24_jpg.rf.a30ac748d30a51c7cc97c7db5d3dcf06.jpg,640,640,Oriental,60,37,373,478
Oriental_24_jpg.rf.a30ac748d30a51c7cc97c7db5d3dcf06.jpg,640,640,Oriental,249,73,508,399
Siamese_214_jpg.rf.fa149715fa338fffac7c74acab8e3a38.jpg,640,640,Siamese,22,0,604,627
Sphynx_88_jpg.rf.b309577cf292b4def3ab5c1a498a0cfe.jpg,640,640,Sphynx,268,138,639,638
Somali_34_jpg.rf.693d9b3cbbe260b785fbf0930f5a1c60.jpg,640,640,Somali,148,88,640,561
Abyssinian_19_jpg.rf.60a5783bb841a3fdf9a39f1299f90551.jpg,640,640,Abyssinian,10,17,472,640
Siamese_70_jpg.rf.805f23d418c7e35c1eab242ebfc3df3d.jpg,640,640,Siamese,108,40,460,614
Sphynx_170_jpg.rf.1bd28b2008c3f44f585a1c77a2158946.jpg,640,640,Sphynx,147,46,410,625
Siamese_142_jpg.rf.89a779e64016e28f029b7e99ecb6b5be.jpg,640,640,Siamese,44,8,564,640
Oriental_30_jpg.rf.32200a0487de5cb5de8a686ed289d4bb.jpg,640,640,Oriental,0,172,362,613
Oriental_30_jpg.rf.32200a0487de5cb5de8a686ed289d4bb.jpg,640,640,Oriental,326,246,609,599
Somali_72_jpg.rf.7062a8a9278033ecf60a85b01dde01a1.jpg,640,640,Somali,84,281,219,428
Somali_72_jpg.rf.7062a8a9278033ecf60a85b01dde01a1.jpg,640,640,Somali,202,34,445,640
Bengal_65_jpg.rf.2627e2f4f4e72fb5d02cadaa7d2ceb00.jpg,640,640,Bengal,109,84,571,561
Toyger_5_jpg.rf.6ee94585839130e942fce432e8f00d98.jpg,640,640,Toyger,8,105,297,619
Toyger_5_jpg.rf.6ee94585839130e942fce432e8f00d98.jpg,640,640,Toyger,216,146,615,473
Toyger_11_jpg.rf.f09b21b5c932ef6e71b4f6ab3c8d9e5f.jpg,640,640,Toyger,85,0,512,639
Abyssinian_152_jpg.rf.2195298acb021f73c4e691942d0ed272.jpg,640,640,Abyssinian,21,37,519,548
Bengal_42_jpg.rf.39e5742daa8e601c6705c93cf0987e11.jpg,640,640,Bengal,11,79,640,603
Bengal_101_jpg.rf.43a70802c93970fad2e695fdb93ec577.jpg,640,640,Bengal,121,135,640,533
Oriental_62_jpg.rf.a6b981b633c376b2ca22195940d8c7ea.jpg,640,640,Sphynx,220,335,525,459
Oriental_62_jpg.rf.a6b981b633c376b2ca22195940d8c7ea.jpg,640,640,Oriental,123,348,299,410
Somali_37_jpg.rf.b9cd30e07ffc254af568eb38783dcf82.jpg,640,640,Somali,0,0,436,640
Toyger_34_jpg.rf.3e71277837b3c0847654cfda6fe2802b.jpg,640,640,Toyger,29,29,581,639
Somali_29_jpg.rf.5651cefa58b6ea5af45a21f7dd47d8f0.jpg,640,640,Somali,199,0,349,396
Abyssinian_88_jpg.rf.657e8610fe3b01290d11992ec904e56b.jpg,640,640,Abyssinian,7,14,628,622
Birman_102_jpg.rf.66b9531cd58e212a2c3fcce77e97d834.jpg,640,640,Birman,49,89,622,614
Birman_15_jpg.rf.fd4570b9ecd0efc7fc67c26d7c3e7c04.jpg,640,640,Birman,37,33,568,489
Siamese_99_jpg.rf.b32b7815f13b58d967d9d78e738327e5.jpg,640,640,Siamese,60,13,497,640
Abyssinian_74_jpg.rf.7a911c519ddb75dbc892a168c9a44b47.jpg,640,640,Abyssinian,49,33,559,531
Sphynx_269_jpg.rf.1dcfd66c8730ec531c810e0ab198b57c.jpg,640,640,Sphynx,171,3,639,547
Sphynx_269_jpg.rf.1dcfd66c8730ec531c810e0ab198b57c.jpg,640,640,Sphynx,0,0,369,340
Sphynx_178_jpg.rf.d035a4b3247b49636f4dba485c3719eb.jpg,640,640,Sphynx,177,53,565,610
Birman_104_jpg.rf.aed5829140aa8c119dc82184cc609982.jpg,640,640,Birman,23,86,473,454
Birman_62_jpg.rf.0bbdeec57f2fed3d0e8a894b51c7c2b3.jpg,640,640,Birman,195,60,471,589
Sphynx_256_jpg.rf.336c3a766a08208f84d68496fe8cdf75.jpg,640,640,Sphynx,25,84,639,460
Somali_81_jpg.rf.4c128a2632480ececa342fa7174e8f32.jpg,640,640,Somali,0,71,493,475
Somali_81_jpg.rf.4c128a2632480ececa342fa7174e8f32.jpg,640,640,Somali,0,82,639,430
Somali_68_jpg.rf.60053227ada0f2a67abc70e69d6f22c7.jpg,640,640,Somali,96,232,517,537
Somali_51_jpg.rf.02402227f7830d9858f7a813cd80796c.jpg,640,640,Somali,0,35,557,639
Birman_19_jpg.rf.457aec9316b91d66819238cc66aa40ab.jpg,640,640,Birman,144,27,493,637
Sphynx_42_jpg.rf.561ff1caf5e7ecdde1ee091797c7050a.jpg,640,640,Sphynx,212,22,424,629
Abyssinian_92_jpg.rf.f481d180fa87b89f2cbf1bf392e5f84b.jpg,640,640,Abyssinian,72,25,632,639
New_10_jpg.rf.a4b63f17f698d5628b730270604b61e9.jpg,640,640,Other,417,370,532,427
Abyssinian_141_jpg.rf.301a57e81575ee23afb11a532388b0be.jpg,640,640,Abyssinian,34,112,486,571
Somali_48_jpg.rf.a4c5a01de208fc69ac0da3901156d65d.jpg,640,640,Somali,65,13,480,495
Bengal_20_jpg.rf.5a1046669f389e82834fad7c2693bc9a.jpg,640,640,Bengal,140,26,484,505
Siamese_29_jpg.rf.ad246a789020144517044060ed948c1f.jpg,640,640,Siamese,201,92,640,584
Oriental_59_jpg.rf.47281fc06d62d95fa2fc4efaf6f8c548.jpg,640,640,Oriental,0,127,576,538
Sphynx_61_jpg.rf.18ccd2e2da424576606e16ef61800aa6.jpg,640,640,Sphynx,138,175,605,398
Bengal_00000000_jpg.rf.1dfd6e6e6bbd9001a5a0547677596e59.jpg,640,640,Bengal,256,107,572,495
Bengal_00000000_jpg.rf.1dfd6e6e6bbd9001a5a0547677596e59.jpg,640,640,Bengal,7,216,337,565
Bengal_126_jpg.rf.f98488750f14b2bcde842735857956c0.jpg,640,640,Bengal,35,138,619,638
Somali_87_jpg.rf.804581bb308cd709be7ddc5c6b1a2c27.jpg,640,640,Somali,408,160,640,500
Somali_87_jpg.rf.804581bb308cd709be7ddc5c6b1a2c27.jpg,640,640,Somali,103,138,355,576
Somali_87_jpg.rf.804581bb308cd709be7ddc5c6b1a2c27.jpg,640,640,Somali,305,2,452,369
Abyssinian_123_jpg.rf.828f6d6883c827a91eafaa66e53e0156.jpg,640,640,Abyssinian,175,129,628,546
Abyssinian_8_jpg.rf.84147241c75b19364a6e15238ad1d047.jpg,640,640,Abyssinian,189,41,523,640
Siamese_141_jpg.rf.e85a0a7cb71775f31b1d6c338f50f48d.jpg,640,640,Siamese,269,0,640,640
Oriental_8_jpg.rf.8b9367bfcde037b67c60ff841e568baa.jpg,640,640,Oriental,0,0,368,640
Oriental_8_jpg.rf.8b9367bfcde037b67c60ff841e568baa.jpg,640,640,Oriental,356,26,640,640
Abyssinian_87_jpg.rf.38b6756a35e1ad70be84ac0a46ee6c32.jpg,640,640,Abyssinian,119,0,612,627
Sphynx_152_jpg.rf.5bcf6e8f6119e19bdd0c8a18f493e83b.jpg,640,640,Sphynx,37,0,558,639
Birman_145_jpg.rf.e8b78468cf67290f12a0ad8eb137c9c3.jpg,640,640,Birman,179,222,440,617
Abyssinian_22_jpg.rf.1c0a893d070c9d70730ef5640fa28bc9.jpg,640,640,Abyssinian,80,59,557,568
Siamese_60_jpg.rf.af27c05cb0b12454988820e55b8bb99c.jpg,640,640,Siamese,87,25,497,640
Birman_168_jpg.rf.600349c298679d774a4b7503432dd206.jpg,640,640,Birman,47,81,639,638
Somali_7_jpg.rf.348abb23eafa792ce369431f943d621b.jpg,640,640,Somali,86,93,527,605
Bengal_53_jpg.rf.65f1537bfcf06ba58cf403816488df18.jpg,640,640,Bengal,0,74,639,603
Abyssinian_115_jpg.rf.ff674934f711f0e8e9bbd61b83e87c00.jpg,640,640,Abyssinian,0,77,603,603
Siamese_89_jpg.rf.17d3880e84c0270972e4c2909e4a04d8.jpg,640,640,Siamese,0,0,539,640
Bengal_97_jpg.rf.72fda9b180726e498c3883ac3067b8bd.jpg,640,640,Bengal,51,67,622,632
Oriental_22_jpg.rf.4798b7a9b32967120edd51a8508309b5.jpg,640,640,Oriental,83,130,640,533
Somali_26_jpg.rf.e2d9168d1a6b2cda396faea9b0b6fb91.jpg,640,640,Somali,73,12,498,571
Birman_66_jpg.rf.4399ea68bd76c2986b6397e79c120c0a.jpg,640,640,Birman,170,146,502,577
Sphynx_279_jpg.rf.11ded8f355bddfa3f9e9c9b17f8d311c.jpg,640,640,Sphynx,0,165,597,436
Abyssinian_6_jpg.rf.2cb2cc94f9a389fc41972ba60b5dfe88.jpg,640,640,Abyssinian,17,21,527,569
Abyssinian_82_jpg.rf.4aa744ca780b394b4328abd6392a7ba0.jpg,640,640,Abyssinian,18,6,626,627
Abyssinian_180_jpg.rf.5f883214ef12662dd16b7f5d56b43e6c.jpg,640,640,Abyssinian,20,7,615,632
Sphynx_283_jpg.rf.6dd716717c4e612c0da7e4bbda1ff6e8.jpg,640,640,Sphynx,0,2,638,640
Somali_46_jpg.rf.6e7de662001c74b96c8ea0b751576858.jpg,640,640,Somali,200,171,410,355
Siamese_164_jpg.rf.de53b40e01086086a58694316f862bc6.jpg,640,640,Siamese,154,146,503,640
Toyger_14_jpg.rf.69fdb032b3184fbc96fffa1f0d00fbca.jpg,640,640,Toyger,42,0,573,639
Birman_107_jpg.rf.de3163beb985a9874843f7cccdbb71cc.jpg,640,640,Birman,148,53,639,640
Abyssinian_130_jpg.rf.924ac150bc15e5acd765b282cbe962bf.jpg,640,640,Abyssinian,0,94,577,639
Birman_8_jpg.rf.12763e8739171c8cbaba8e9b568dbc1a.jpg,640,640,Birman,58,0,567,583
Somali_83_jpg.rf.85bbf2b7c4602a2242b57dc20a023981.jpg,640,640,Somali,5,11,639,639
New_3_jpg.rf.dabd989235f8f9bf4c3fdfdbea9b4b15.jpg,640,640,Other,99,0,639,639
Bengal_47_jpg.rf.299ddb1ef0a992cbe0227c2709e4a735.jpg,640,640,Bengal,0,185,465,631
Toyger_3_jpg.rf.5437f4374e8aa7c91227e5c2b2264ff1.jpg,640,640,Toyger,56,161,500,577
Sphynx_80_jpg.rf.60fd274fd1bec2acb0c815945e60ce55.jpg,640,640,Sphynx,0,15,639,639
Somali_60_jpg.rf.6ef9f3814f1aa7d782882e10a75c07b6.jpg,640,640,Somali,0,0,367,562
Toyger_40_jpg.rf.afd618ffc0c6065b38ce8ea63860ac35.jpg,640,640,Toyger,68,16,547,626
Birman_137_jpg.rf.38083feac3ae801f3fc0a6cc8748ee9a.jpg,640,640,Birman,261,344,494,577
Sphynx_265_jpg.rf.a100e2f4a52195ba943e2634b9275904.jpg,640,640,Sphynx,35,249,640,492
Oriental_31_jpg.rf.cd6248cc3779b28012883dc4b290d75b.jpg,640,640,Oriental,296,392,566,640
Bengal_0000_jpg.rf.ef937b2d235eb3b0acb810705500d5f9.jpg,640,640,Bengal,165,297,509,457
Abyssinian_117_jpg.rf.4807b0f12918f86017c9f937ff6487b9.jpg,640,640,Abyssinian,71,26,613,638
Siamese_44_jpg.rf.3c60436c13092fd653ed165397516ee5.jpg,640,640,Siamese,140,131,587,622
Oriental_71_jpg.rf.492ccd79a9508ac97a2ca6f267b16d15.jpg,640,640,Oriental,48,46,340,594
Abyssinian_107_jpg.rf.9a8460e28ef624e02cde9a5c6b2a8617.jpg,640,640,Abyssinian,90,1,633,639
Siamese_27_jpg.rf.f7358cd25f847e8e4ccc46a6be80e140.jpg,640,640,Siamese,33,64,598,564
Oriental_69_jpg.rf.fa40e66fd71543e13b39486593b1c518.jpg,640,640,Oriental,78,166,571,640
Oriental_69_jpg.rf.fa40e66fd71543e13b39486593b1c518.jpg,640,640,Oriental,135,0,429,238
Somali_13_jpg.rf.2da5fac40dc225b3728cba16853a94a6.jpg,640,640,Somali,12,69,630,607
Oriental_12_jpg.rf.e5b10a11369e6476936cf359f8faaaa0.jpg,640,640,Oriental,108,128,338,623
Oriental_12_jpg.rf.e5b10a11369e6476936cf359f8faaaa0.jpg,640,640,Oriental,338,121,613,629
Siamese_14_jpg.rf.2c486b7b4fb159d7cf53d83ad02bc0e9.jpg,640,640,Siamese,4,86,640,474
Siamese_200_jpg.rf.3c8dc92d7b82c9eca9c772a1bd9e03bb.jpg,640,640,Siamese,0,41,506,578
Birman_31_jpg.rf.774b6812a711105322cc43aee0b8bfdd.jpg,640,640,Birman,0,18,620,637
Abyssinian_109_jpg.rf.525c4d16765a5f9268468b51fa440d56.jpg,640,640,Abyssinian,29,0,587,639
Bengal_5_jpg.rf.ac6a705cbb4cc48d0faeb5a9d1d235ea.jpg,640,640,Bengal,33,49,633,596
Sphynx_271_jpg.rf.3583355950dec267867ec7af80f9e72b.jpg,640,640,Sphynx,4,125,622,558
Toyger_77_jpg.rf.8f981e9e1f8380701f0861960100c2b2.jpg,640,640,Toyger,110,51,466,621
Siamese_90_jpg.rf.5af2ea60b97e1681f37e074a89639c6c.jpg,640,640,Siamese,206,162,628,585
Abyssinian_139_jpg.rf.8779e1303b76580018669f15908ac633.jpg,640,640,Abyssinian,130,102,530,493
Abyssinian_205_jpg.rf.196b612c1b3b338dd9eeae2d393b239a.jpg,640,640,Abyssinian,0,0,480,640
Somali_86_jpg.rf.2c64506f880cc7ab74301bd1c50eb759.jpg,640,640,Somali,2,108,374,568
Somali_86_jpg.rf.2c64506f880cc7ab74301bd1c50eb759.jpg,640,640,Somali,264,42,595,478
Somali_63_jpg.rf.552246ffdd7a3c1eaba94e8b7309dabb.jpg,640,640,Somali,93,51,566,639
Somali_8_jpg.rf.581c0936ec9d87b78ecce15ec74b5d11.jpg,640,640,Somali,22,0,622,639
Abyssinian_93_jpg.rf.b589a4d33479d79d3ca3d161078b4883.jpg,640,640,Abyssinian,0,0,622,635
Birman_164_jpg.rf.aabb854e08f4f93dd190050b004e8c31.jpg,640,640,Birman,57,16,606,624
Toyger_9_jpg.rf.bd1f30d75b3568334e321bd2fd8f7d70.jpg,640,640,Toyger,164,25,447,623
Bengal_105_jpg.rf.9041160b5cd8284efce942d49a0948bb.jpg,640,640,Bengal,0,168,482,639
Bengal_67_jpg.rf.cfd169e852a68de4c85481cf710a8eed.jpg,640,640,Bengal,313,145,599,520
Siamese_86_jpg.rf.8369508773803daca9cfc5202c08c4d8.jpg,640,640,Siamese,59,47,640,554
Abyssinian_149_jpg.rf.eb92cb9fef8c5237e37d5c0f2f680d68.jpg,640,640,Abyssinian,79,43,457,531
Bengal_140_jpg.rf.909feaff60812300a25a6d2a202149e8.jpg,640,640,Bengal,14,15,630,633
Oriental_77_jpg.rf.e944986fd55ca8570ce9696c9cad2c0c.jpg,640,640,Oriental,3,34,634,612
Sphynx_284_jpg.rf.443164570d9889c157df1052771648b2.jpg,640,640,Sphynx,0,149,537,423
Bengal_107_jpg.rf.b47b77c31fdf6313a54e310f9030389e.jpg,640,640,Bengal,135,65,449,635
New_6_jpg.rf.1387cf7ff25bf741d9c250b7e44e6a35.jpg,640,640,Other,289,190,389,293
Toyger_63_jpg.rf.b097dce2e711dd27ee54bc9b2e7f2e37.jpg,640,640,Toyger,0,0,639,639
Abyssinian00000_jpg.rf.d6ddde70e42c69ab01c1e8c9d68027c8.jpg,640,640,Abyssinian,135,22,512,639
Abyssinian00000_jpg.rf.d6ddde70e42c69ab01c1e8c9d68027c8.jpg,640,640,Abyssinian,0,84,297,506
Siamese_93_jpg.rf.c3fa38236a6368a0bc135ef6c801bcfb.jpg,640,640,Siamese,387,150,640,613
Bengal_64_jpg.rf.019b85db8ccc6fddb189a9558b6f5c2c.jpg,640,640,Bengal,112,34,635,603
Sphynx_192_jpg.rf.047478c047dab34022fdec5405ff70c8.jpg,640,640,Sphynx,23,18,543,592
Somali_61_jpg.rf.5d8c405ea25a9f557ab0bfd9c2a01af4.jpg,640,640,Somali,0,59,495,639
Bengal_72_jpg.rf.60bdeb2dab0655b6200ed89ab2a99495.jpg,640,640,Bengal,115,144,446,534
Bengal_56_jpg.rf.7fc1a24d1fe43a5b120cd65e8d194033.jpg,640,640,Bengal,149,187,545,547
Abyssinian00_jpg.rf.d84d39ad0c052d935923e83ab8fcba5b.jpg,640,640,Abyssinian,242,150,529,458
Abyssinian_30_jpg.rf.b8293a48bdfa49a07408352ab59b28ea.jpg,640,640,Abyssinian,21,152,640,451
Oriental_84_jpg.rf.97d3f252bbd249ac916049874710fb74.jpg,640,640,Oriental,211,286,476,498
Somali_85_jpg.rf.008934672894bcaea62d623b07d47338.jpg,640,640,Somali,30,127,433,639
Toyger_45_jpg.rf.89ba604f577cd20c43f79a60c5e3cbbf.jpg,640,640,Toyger,0,194,639,534
Toyger_33_jpg.rf.4b23efe72ea895d0f73c1a53aa4a5697.jpg,640,640,Toyger,104,0,533,640
Toyger_59_jpg.rf.7d1c89b1c47996f380ccebd0f2c6bd7b.jpg,640,640,Bengal,138,144,547,580
Toyger_59_jpg.rf.7d1c89b1c47996f380ccebd0f2c6bd7b.jpg,640,640,Toyger,0,104,462,538
Sphynx_155_jpg.rf.695b7739e1b07fbf766f2ea4543904cb.jpg,640,640,Sphynx,105,16,594,640
Bengal_55_jpg.rf.715ce3e3c813b7cc8de79c4d97cdf255.jpg,640,640,Bengal,84,225,543,556
Abyssinian000_jpg.rf.4730b0d06d2faa825c761db0384b2781.jpg,640,640,Abyssinian,289,157,521,525
Abyssinian000_jpg.rf.4730b0d06d2faa825c761db0384b2781.jpg,640,640,Abyssinian,8,22,307,398
Birman_53_jpg.rf.10c4a55558c911ac262a74fc76221758.jpg,640,640,Birman,0,7,636,639
Bengal_118_jpg.rf.43ca918c015ff5660775945117ec0ee1.jpg,640,640,Bengal,68,127,416,639
Birman_162_jpg.rf.515e5442f2c889aa534c5849997588f6.jpg,640,640,Birman,0,41,518,614
Oriental_13_jpg.rf.1cea54a749ba619f3308fb38751cba8c.jpg,640,640,Oriental,1,132,639,450
Birman_97_jpg.rf.2afe4343cd0ddd8c34b7a41ef74667d6.jpg,640,640,Birman,0,6,545,638
Toyger_1_jpg.rf.4ca683a704e4456d7c9e45168e70c725.jpg,640,640,Toyger,14,31,635,640
Somali_62_jpg.rf.da44db976ae6090c7f37980159d2e8b5.jpg,640,640,Somali,50,14,534,639
Somali_11_jpg.rf.9f105548303c9c2b44a4946131f75090.jpg,640,640,Somali,76,0,594,581
Birman_37_jpg.rf.293210073ccbae49a5f4cdf800b90399.jpg,640,640,Birman,25,104,451,624
Sphynx_15_jpg.rf.cdf6b99f24ae72ed761bb34e28b9e80c.jpg,640,640,Sphynx,185,30,640,640
Abyssinian_79_jpg.rf.d5189b4900748e1c640fbce0535e5546.jpg,640,640,Abyssinian,121,38,506,548
Oriental_3_jpg.rf.7fab7e38ea0f9c85dfae694aeea7eef4.jpg,640,640,Oriental,157,14,458,632
Siamese_101_jpg.rf.53d88f48746e6afa0124757fb22b6b3e.jpg,640,640,Siamese,202,47,476,412
Oriental_61_jpg.rf.bb04a5bf01684cdbc892037467624613.jpg,640,640,Oriental,204,217,480,366
Sphynx_261_jpg.rf.e318ebef21bee7a80299ac637ac38da0.jpg,640,640,Sphynx,69,32,374,640
Sphynx_261_jpg.rf.e318ebef21bee7a80299ac637ac38da0.jpg,640,640,Sphynx,272,38,479,515
Somali_32_jpg.rf.9b0cf9bb383c361d29ee6648bcb5a47d.jpg,640,640,Somali,0,92,591,506
Abyssinian_21_jpg.rf.930b446a9f8ac622e203ffe4feb58e72.jpg,640,640,Abyssinian,0,32,468,568
Oriental_14_jpg.rf.768a572fdba3276335d0cb3873a89ebc.jpg,640,640,Oriental,159,12,528,640
Siamese_58_jpg.rf.d424080914f5eee07e5c3c3e3b1a6684.jpg,640,640,Siamese,135,9,588,607
Somali_78_jpg.rf.5f762c6e9999dd577444fd37be0705dc.jpg,640,640,Somali,112,47,322,618
Somali_78_jpg.rf.5f762c6e9999dd577444fd37be0705dc.jpg,640,640,Somali,297,17,566,625
Sphynx_175_jpg.rf.71e09fc1d04deb71f48dedcda4857bbc.jpg,640,640,Sphynx,127,94,511,640
Oriental_47_jpg.rf.f26f97c5ecfac9b0095a8099b2081ff2.jpg,640,640,Oriental,173,169,413,406
Abyssinian_86_jpg.rf.5a2b175ebf3d3a0c67fc6cc8710f54c4.jpg,640,640,Abyssinian,61,65,609,612
Bengal_54_jpg.rf.23638e29b5ec7bf2631f98013eb5baec.jpg,640,640,Bengal,65,28,619,494
Abyssinian_154_jpg.rf.ad6325495c1eb5287bb18875616d50c6.jpg,640,640,Abyssinian,139,50,545,556
Abyssinian_14_jpg.rf.59a05439cedf7c43b485ebee3cd52452.jpg,640,640,Abyssinian,0,74,507,540
Siamese_67_jpg.rf.86d6a7872de22e1534fd513f0fa8ab3f.jpg,640,640,Siamese,32,7,620,640
Somali_49_jpg.rf.73333dd093330e5c482132a33d3ad078.jpg,640,640,Somali,348,16,598,317
Somali_49_jpg.rf.73333dd093330e5c482132a33d3ad078.jpg,640,640,Somali,0,350,311,632
Somali_49_jpg.rf.73333dd093330e5c482132a33d3ad078.jpg,640,640,Somali,377,354,615,640
Somali_49_jpg.rf.73333dd093330e5c482132a33d3ad078.jpg,640,640,Somali,0,19,297,308
Bengal_106_jpg.rf.c9d370f8f7106d768be51b29eddf6833.jpg,640,640,Bengal,340,201,518,486
Somali_20_jpg.rf.43c3f3b0950dc982f6ca14a73574d00a.jpg,640,640,Somali,13,0,541,639
Bengal_23_jpg.rf.d2d0aecda2f109f2b6146c21428d03d3.jpg,640,640,Bengal,283,279,447,505
Bengal_23_jpg.rf.d2d0aecda2f109f2b6146c21428d03d3.jpg,640,640,Bengal,44,0,639,584
Toyger_17_jpg.rf.30e60a21678efc59b28e974359ea5620.jpg,640,640,Toyger,56,0,629,639
Somali_28_jpg.rf.c95c45fd0affcdecca243ff3dfbb54ff.jpg,640,640,Somali,0,0,639,606
Birman_50_jpg.rf.c9f5c308dbe071e06e898225921d384c.jpg,640,640,Birman,136,9,557,620
Abyssinian_148_jpg.rf.7d5fe42a6d747437b7e0d57d461d6b60.jpg,640,640,Abyssinian,6,74,595,583
Toyger_71_jpg.rf.30196cea91eb15b6b9da892492a6c78a.jpg,640,640,Toyger,47,198,639,491
Siamese_26_jpg.rf.31331a48bc721dbfb51bb2c02c2e3e1a.jpg,640,640,Siamese,250,84,640,571
Somali_76_jpg.rf.4ae17675013a17db6e7bed189c431e18.jpg,640,640,Somali,199,47,639,640
Oriental_1_jpg.rf.75140c2f93a8a438e5835b0190241d25.jpg,640,640,Oriental,38,8,576,638
Abyssinian_118_jpg.rf.7fe11134e5aa308ee8098e5173dd9771.jpg,640,640,Abyssinian,0,26,514,639
Oriental_43_jpg.rf.0afa7379f96f5cab8256d9ff962b0462.jpg,640,640,Oriental,0,178,597,510
Birman_1_jpg.rf.d6020ebc21f55c12db70a54c8045711e.jpg,640,640,Birman,121,98,539,640
Birman_144_jpg.rf.c0c96e635af900f0b268b71597a786b3.jpg,640,640,Birman,0,19,552,638
Toyger_35_jpg.rf.92db147bf2f814bb4d89f3745d9a8207.jpg,640,640,Toyger,0,0,504,639
Sphynx_31_jpg.rf.cb9e86fd98c5e3e3824b2e18db85a8de.jpg,640,640,Sphynx,205,2,636,638
Birman_192_jpg.rf.870e088c749c6d34d841c6f5b0180e35.jpg,640,640,Birman,214,120,423,633
Somali_16_jpg.rf.4802e02ed67acad5c6b8ca75c6fc9d6f.jpg,640,640,Somali,46,8,640,523
Birman_27_jpg.rf.481ce7a29a0d0e0a57caee3e05947f21.jpg,640,640,Birman,15,82,640,545
Toyger_53_jpg.rf.934719c001df308d5b9fe4d9e5cceb04.jpg,640,640,Toyger,45,86,603,564
Toyger_87_jpg.rf.8eaac8f27c8518fee53d2abc84f93752.jpg,640,640,Toyger,256,92,534,501
Bengal_18_jpg.rf.a0c90db0b040fbb367bf672ba89264c9.jpg,640,640,Bengal,203,74,468,519
Sphynx_112_jpg.rf.b7db3b3e31aa07253797f0d9be8f47be.jpg,640,640,Sphynx,0,42,471,622
Somali_74_jpg.rf.020626dfd097acd968d9c448319a9f02.jpg,640,640,Somali,183,183,476,606
Sphynx_280_jpg.rf.21ca82fdaf4b9a24cba1ee47e00aa50d.jpg,640,640,Sphynx,134,378,377,574
Siamese_40_jpg.rf.d8b99fb97eed30005638791116e2de46.jpg,640,640,Siamese,13,32,640,623
Oriental_81_jpg.rf.017fb0c9c29a8bd877f60d3bca08f315.jpg,640,640,Oriental,21,31,543,617
Abyssinian_25_jpg.rf.354f82ede07ad8d4c046c13ac4e9796d.jpg,640,640,Abyssinian,0,58,489,443
Oriental_57_jpg.rf.15dc79cf19d4b24e8e9577eaa55d511e.jpg,640,640,Oriental,107,108,521,562
Sphynx_274_jpg.rf.25cfe9b6da886de657f4e8358231af55.jpg,640,640,Sphynx,174,67,585,510
Bengal_173_jpg.rf.2627c084369ccfb2af6e7d436a5d351b.jpg,640,640,Bengal,22,31,638,622
Sphynx_262_jpg.rf.a2103b54008560cb77a0477bc53adc80.jpg,640,640,Sphynx,180,265,408,480
Bengal_33_jpg.rf.145e8f0ba3a87f7d6745871d376b4262.jpg,640,640,Bengal,114,52,636,618
Abyssinian_49_jpg.rf.cc0d754831d358a89631feb0e782bd95.jpg,640,640,Abyssinian,62,31,640,543
Siamese_59_jpg.rf.38e87d99159f093c1908a695f9d77f84.jpg,640,640,Siamese,0,70,617,495
Siamese_54_jpg.rf.df1a9b9784aa207c57d957cbcda4af1f.jpg,640,640,Siamese,128,27,579,640
Abyssinian_52_jpg.rf.18f22e062f8b425fd39553f859799568.jpg,640,640,Abyssinian,160,0,632,558
Oriental_70_jpg.rf.7314bed31d5d8d208a6316c3fab1b67f.jpg,640,640,Oriental,172,47,414,639
Oriental_70_jpg.rf.7314bed31d5d8d208a6316c3fab1b67f.jpg,640,640,Oriental,348,0,552,285
Birman_158_jpg.rf.7c354ca1a2caedb30b501779a2953958.jpg,640,640,Birman,201,278,482,446
Siamese_28_jpg.rf.05c6920731a9734e83c96db6852ab62c.jpg,640,640,Siamese,46,148,537,632
Toyger_62_jpg.rf.175d27bb361ca8ef5981cea944df098e.jpg,640,640,Toyger,0,0,640,436
Toyger_69_jpg.rf.0b6a063679816b1e54b855d1c1f97dd0.jpg,640,640,Toyger,213,321,574,554
Bengal_194_jpg.rf.da526287977cffab8401ab3cc7535b62.jpg,640,640,Bengal,148,161,504,598
Birman_76_jpg.rf.6c3d295e13cdd5fb1a3b231b7609e55f.jpg,640,640,Birman,0,3,639,638
Birman_73_jpg.rf.3987b68fd10c22348c1e3694024c0aa7.jpg,640,640,Birman,188,31,518,605
Abyssinian_103_jpg.rf.a114cbf81bf39f043b801da9570c6fa8.jpg,640,640,Abyssinian,182,120,517,598
Siamese_81_jpg.rf.659112e1d2757a4989e9f79d4fc5add2.jpg,640,640,Siamese,77,73,541,640
Toyger_61_jpg.rf.06489a88a6085eca96eda6e673432e39.jpg,640,640,Toyger,252,13,491,639
Bengal_58_jpg.rf.20ac37ec3cf4235a7d17cb7726d0ec31.jpg,640,640,Bengal,315,110,523,398
Bengal_25_jpg.rf.6e310497df1cd2882f760924eeea8a78.jpg,640,640,Bengal,112,10,489,392
Bengal_120_jpg.rf.22e29eb9b62ac1b3671b59f5848abd7a.jpg,640,640,Bengal,169,203,420,609
Oriental_76_jpg.rf.bac2d78c94c1abf7c6f99ab4cbd09793.jpg,640,640,Oriental,0,0,640,640
Bengal_28_jpg.rf.de9b2ce825daf7c8a4ec045c03751272.jpg,640,640,Bengal,104,30,534,618
Siamese_49_jpg.rf.8013b663121d75a23a5a03ce4fdf277b.jpg,640,640,Siamese,120,74,513,640
Bengal_19_jpg.rf.e42d0e7cab2eae59cf37a71d6767c531.jpg,640,640,Bengal,209,110,516,520
Somali_84_jpg.rf.2e8dd5fe5dea1c97e35ea81aef5a734e.jpg,640,640,Somali,35,24,617,639
Bengal_95_jpg.rf.d0aa008f73ab5dd6053cf0823ea11d88.jpg,640,640,Bengal,219,25,640,640
Siamese_237_jpg.rf.e3d20b538bbed1aff3f06653342ec5bc.jpg,640,640,Siamese,213,288,527,640
Abyssinian_10_jpg.rf.217f13636ce36637ac79e9a0cb4ee6a6.jpg,640,640,Abyssinian,0,111,517,521
Bengal_3_jpg.rf.79c9548498d0c62921aa70fa851c517e.jpg,640,640,Bengal,0,2,639,638
Siamese_39_jpg.rf.e87fc347bed831f0d4a050e01131d514.jpg,640,640,Siamese,31,51,500,584
Bengal_195_jpg.rf.06f4dfb95954a6f514f4bbea074da614.jpg,640,640,Bengal,178,327,492,549
Birman_38_jpg.rf.2751aa4e311c4ee1cd7a41b31aa95743.jpg,640,640,Birman,94,0,640,536
Birman_21_jpg.rf.a9079f31b63e6a05c4317942e196cf49.jpg,640,640,Birman,26,119,580,600
Toyger_31_jpg.rf.2d911e673b9c4d4246342fa2ad534aa0.jpg,640,640,Toyger,46,0,639,639
Birman_100_jpg.rf.4416413149245ab2aa719c37dda096f7.jpg,640,640,Birman,0,0,508,638
Siamese_69_jpg.rf.4f5b7e8d042b32aa0454830f09670af7.jpg,640,640,Siamese,115,51,416,599
Sphynx_53_jpg.rf.5771ffdb27e4e4bab6227aa77c842d80.jpg,640,640,Sphynx,0,34,638,639
Birman_193_jpg.rf.80f98c98f5d276b0cf577f5f2f2f54e7.jpg,640,640,Birman,69,31,257,277
Bengal_12_jpg.rf.aed42367c23defa8a94348e49ed9526c.jpg,640,640,Bengal,19,57,563,638
Abyssinian_7_jpg.rf.c29f237f504ef5e8e46e870c100ba9a8.jpg,640,640,Abyssinian,73,34,417,638
Toyger_37_jpg.rf.c54ff4f41a1218ec53a571bdd3fcd334.jpg,640,640,Toyger,270,185,469,599
Oriental_20_jpg.rf.f53c203571a88e1549b48afa30554133.jpg,640,640,Oriental,0,120,506,639
Oriental_20_jpg.rf.f53c203571a88e1549b48afa30554133.jpg,640,640,Oriental,116,4,639,639
Bengal_1_jpg.rf.f90d368bffe5b1ad4d2f1297c7d9f5a2.jpg,640,640,Bengal,114,47,597,618
Sphynx_282_jpg.rf.37f61a1c5f9e7fc99848c030413fbc93.jpg,640,640,Sphynx,220,17,561,640
Siamese_21_jpg.rf.ca4c0aabfc1b77b30d35bfc7a664ed19.jpg,640,640,Siamese,24,16,640,640
Oriental_15_jpg.rf.bf4bdf7f7cd8b44554c0b337ead63aaa.jpg,640,640,Oriental,58,21,639,639
Abyssinian_90_jpg.rf.ea8686759760d30b8974c73f5aee876d.jpg,640,640,Abyssinian,0,29,640,617
Siamese_19_jpg.rf.4435068eecfa82613d23be8a92c3487e.jpg,640,640,Siamese,166,90,586,588
Birman_95_jpg.rf.e6ac3f7b1942d4b264199db6512dbd14.jpg,640,640,Birman,44,174,542,452
Toyger_72_jpg.rf.f31d74c438cb394d0387c3a478819f66.jpg,640,640,Toyger,12,15,639,639
Birman_127_jpg.rf.264328f088e8218c3168a4ed90cd8513.jpg,640,640,Birman,236,16,640,610
Abyssinian_143_jpg.rf.6fd6d5eb3e534e6a758d4035bff4f6a9.jpg,640,640,Abyssinian,145,18,530,640
Toyger_66_jpg.rf.cd77f9d90a50c1f3380d105790033c00.jpg,640,640,Toyger,0,27,639,640
Toyger_39_jpg.rf.86ee8ad8283b6ad54c2479e41741f5dc.jpg,640,640,Toyger,221,253,520,599
Siamese_73_jpg.rf.a03ce380a39ad4d0ba0b57121ba809ff.jpg,640,640,Siamese,112,42,510,625
Abyssinian_58_jpg.rf.7dc704c23fe05d0e6457961f68adfe10.jpg,640,640,Abyssinian,0,73,523,640
Somali_17_jpg.rf.b6afef8366239217310d6e434fd4c676.jpg,640,640,Somali,163,0,613,640
Sphynx_253_jpg.rf.9edf73058d828624b0198d6094e090d0.jpg,640,640,Sphynx,115,250,436,542
Abyssinian_104_jpg.rf.adc7419173cad8aab1893b7487966fae.jpg,640,640,Abyssinian,315,69,625,478
Abyssinian_104_jpg.rf.adc7419173cad8aab1893b7487966fae.jpg,640,640,Abyssinian,12,169,460,555
Birman_23_jpg.rf.d2970d9408b3847db1ec0ae92ad531a1.jpg,640,640,Birman,161,0,639,638
Birman_93_jpg.rf.e1759fa7a6a4792e7032728791cb8895.jpg,640,640,Birman,91,188,542,587
Oriental_9_jpg.rf.6b687ce881e29e00c99624223c2683e9.jpg,640,640,Oriental,0,8,321,639
Oriental_9_jpg.rf.6b687ce881e29e00c99624223c2683e9.jpg,640,640,Oriental,297,119,639,640
Birman_89_jpg.rf.ae0a9aa23dd5c31b1711afc9c63ec88f.jpg,640,640,Birman,37,12,639,638
Toyger_23_jpg.rf.46bc563bd185f15cc7f222eef8a813cb.jpg,640,640,Toyger,12,0,622,564
Oriental_32_jpg.rf.98ad594633ed23be3ebcff38f16e459c.jpg,640,640,Oriental,456,308,640,489
Oriental_32_jpg.rf.98ad594633ed23be3ebcff38f16e459c.jpg,640,640,Oriental,156,324,386,493
Oriental_32_jpg.rf.98ad594633ed23be3ebcff38f16e459c.jpg,640,640,Oriental,0,43,407,471
Bengal_35_jpg.rf.674e7be799df03e69be86337a1b66e7e.jpg,640,640,Bengal,190,72,572,570
Sphynx_43_jpg.rf.0f1d379c4c2d206fd749d2c984525ee6.jpg,640,640,Sphynx,85,24,640,619
Toyger_79_jpg.rf.302a251856daf90d100d0f147ef9347e.jpg,640,640,Toyger,0,28,441,295
Toyger_79_jpg.rf.302a251856daf90d100d0f147ef9347e.jpg,640,640,Toyger,0,256,639,640
Abyssinian_150_jpg.rf.9311cc7c4c052598d9043b87b6525c51.jpg,640,640,Abyssinian,0,8,630,560
Toyger_51_jpg.rf.127d7521fd30594004a727c2dfb68088.jpg,640,640,Toyger,201,0,552,639
Sphynx_267_jpg.rf.24bb2c128b19d70887f47d66c48564ca.jpg,640,640,Sphynx,274,175,504,447
Abyssinian_54_jpg.rf.33b6942981be3fcf56a0a2230310a558.jpg,640,640,Abyssinian,132,3,534,548
Abyssinian_110_jpg.rf.1557564645ce397c58b14ebf0e0ef445.jpg,640,640,Abyssinian,1,12,630,638
Birman_140_jpg.rf.59dd55fb39e581a5a330454f997e6ff5.jpg,640,640,Birman,45,62,639,638
New_4_jpg.rf.847a45af10667325be7850b596a619b1.jpg,640,640,Other,132,214,626,514
New_4_jpg.rf.847a45af10667325be7850b596a619b1.jpg,640,640,Other,325,201,639,351
Sphynx_228_jpg.rf.91c2ba2c7e58e2a0017711268fa82b57.jpg,640,640,Sphynx,16,36,638,599
Abyssinian_83_jpg.rf.465ef0395b796dc86d303ec0cb24d23a.jpg,640,640,Abyssinian,90,132,545,566
Abyssinian_57_jpg.rf.80021cd3345e3f5b6446ded61defddb9.jpg,640,640,Abyssinian,0,8,621,502
Sphynx_127_jpg.rf.eedd859b83c874a5697a4d52356f0a64.jpg,640,640,Sphynx,89,200,482,619
Bengal_48_jpg.rf.256add96bc66584ec33aca6eb396dca5.jpg,640,640,Bengal,4,43,639,530
Bengal_60_jpg.rf.390c2f08846f450f6c77425b17d2873b.jpg,640,640,Bengal,0,48,520,638
Toyger_80_jpg.rf.c01e11009553bea06166198e59ecd00e.jpg,640,640,Toyger,189,268,389,469
Toyger_10_jpg.rf.c524044b8bf7a4883315027d8bb709ea.jpg,640,640,Toyger,346,0,592,344
Toyger_10_jpg.rf.c524044b8bf7a4883315027d8bb709ea.jpg,640,640,Toyger,21,279,290,640
Bengal_125_jpg.rf.4703be4cc57fe82e7f765e0cb858304d.jpg,640,640,Bengal,7,55,640,640
Toyger_7_jpg.rf.891355f533c1c33de5a30b6dcfaafc6b.jpg,640,640,Toyger,0,5,581,640
Sphynx_9_jpg.rf.ebdabcd8a68dfaf2004376abf6acc640.jpg,640,640,Sphynx,6,10,637,604
Oriental_74_jpg.rf.c90debe81fd5d0e1c1ce0811131de79b.jpg,640,640,Oriental,28,68,583,640
Siamese_33_jpg.rf.a145b72ad1221ed3a47046c005fb7d91.jpg,640,640,Siamese,0,7,603,640
Siamese_137_jpg.rf.cf57fe816608fa01d782554ff0151fca.jpg,640,640,Siamese,239,105,597,532